{"cameraMode":{"drawMode":0,"name":"Shaded","section":"Shading Mode"},"sceneLighting":true,"audioPlay":false,"sceneViewState":{"showFog":true,"showMaterialUpdate":false,"showSkybox":true,"showFlares":true,"showImageEffects":true,"showParticleSystems":true},"in2DMode":false,"pivot":{"x":433.93304443359377,"y":241.4835205078125,"z":0.0},"rotation":{"x":0.0003181146748829633,"y":0.9977911114692688,"z":-0.06626048684120178,"w":0.00479036895558238},"size":287.9966125488281,"orthographic":false}