{"cameraMode":{"drawMode":0,"name":"Shaded","section":"Shading Mode"},"sceneLighting":false,"audioPlay":false,"sceneViewState":{"m_AlwaysRefresh":false,"showFog":true,"showSkybox":false,"showFlares":true,"showImageEffects":true,"showParticleSystems":true,"showVisualEffectGraphs":true,"m_FxEnabled":true},"in2DMode":false,"pivot":{"x":0.09279721975326538,"y":0.07626765966415405,"z":0.03332442045211792},"rotation":{"x":-0.242105171084404,"y":0.5091137886047363,"z":-0.15182055532932282,"w":-0.8118737936019898},"size":1.3088440895080567,"orthographic":false}