{"cameraMode":{"drawMode":0,"name":"Shaded","section":"Shading Mode"},"sceneLighting":false,"audioPlay":false,"sceneViewState":{"m_AlwaysRefresh":false,"showFog":true,"showSkybox":false,"showFlares":true,"showImageEffects":true,"showParticleSystems":true,"showVisualEffectGraphs":true,"m_FxEnabled":true},"in2DMode":false,"pivot":{"x":8.344650268554688e-7,"y":1.5333971977233887,"z":-0.06810344755649567},"rotation":{"x":-0.10778912156820297,"y":-0.6932879090309143,"z":0.10605558007955551,"w":-0.7046192288398743},"size":2.2249982357025148,"orthographic":true}